<Configuration>
<Add OfficeClientEdition="64">
    <Product ID="ProplusRetail">
      <Language ID="en-us" />
      <ExcludeApp ID="Access" />
      <ExcludeApp ID="Groove" />
      <ExcludeApp ID="InfoPath" />
      <ExcludeApp ID="Lync" />
      <ExcludeApp ID="OneNote" />
      <ExcludeApp ID="Outlook" />
    </Product>
</Add>
<Display Level="Full" AcceptEULA="TRUE" />
<Updates UpdatePath="http://officecdn.microsoft.com/pr/64256afe-f5d9-4f86-8936-8840a6a4f5be" />
</Configuration>
